{"val_loss": [0.8905474912155639, 0.7705645356680845, 0.6594948943082865, 0.702177529687529, 0.8519991080125014, 0.80447628442105, 0.7417614462373259, 0.6368517935216487, 1.1181684541892816, 0.5787827289187825, 0.6955930459630358, 0.7244487235119769, 0.5916580102303168, 0.6707572474941745, 1.0835018846300337, 0.5983342414612061, 0.5390101814722562, 0.5677262506523094, 0.6353008453543488, 0.7168914251156024, 0.560289201143381, 0.5846193764474128, 0.5805758249152314, 0.5708963362784771, 0.5426083161280706, 0.6082276091887638, 0.5669105256889965, 0.6707434807564472, 0.5278025368353227, 0.5264560298009828, 0.5931314721807733, 0.6913365943210347, 0.5340050631291144, 0.5411560801597504, 0.6298884667240299, 0.5752263497282099, 0.5417308550733667, 0.5825341234912167, 0.634464842724157, 0.6172521413712354, 0.7579736109082397, 0.90504253202385, 0.651354522800648, 0.6775042495051107, 0.683777116246514, 0.612624342855695, 0.6709552255424706, 0.7163712754622326, 0.7458686132828791, 0.7264108587871422, 0.5618827981012804, 0.6797380065703607, 0.6608583986699641, 0.6790152624785364, 0.6392138968933593, 0.6940300180153414, 0.7436937913819627, 0.740524918079138, 0.7444353360277075, 0.7052547697286744, 0.7069347629120776, 0.7594421756612909, 0.8633462637216299, 0.696304878988466, 0.717515284811462, 0.6596286290889972, 0.7200872600227446, 0.6975553244888246, 0.6637951503326367, 0.7514728446687375, 0.8126482034658457, 0.7405485268700849, 0.7600082812252101, 0.7937387880328652, 0.7181628736165854, 0.7723512318465379, 0.731676635238436, 0.8726925793048981, 0.6811723814203546, 0.7665724687047534, 0.6987363806852213, 0.8462329386518552, 0.8202412287433902, 0.716220952175952, 0.771437990200984, 0.7868159529152926, 0.7993546790116793, 0.7870365007148756, 0.8260678148174381, 0.7975643752635895, 0.8732924058393284, 0.8514732141475696, 0.7807602381610965, 0.9748089353551159, 0.8513950213536873, 0.8622479919459556, 0.802853531398616, 0.7897441340731336, 0.8443506685467986, 0.706884261596572], "val_acc": [0.5614385614385614, 0.6033966035156936, 0.6563436565222917, 0.6528471527280626, 0.6223776223776224, 0.5844155845942197, 0.6603396605182956, 0.6703296702701252, 0.6303696303696303, 0.6983016984803336, 0.7027972030353832, 0.7012987012391562, 0.7172827171636271, 0.7292707294493646, 0.6293706296088097, 0.7317682316491416, 0.7522477524263875, 0.7427572428167879, 0.7437562439944242, 0.6643356645738447, 0.7387612386421486, 0.7387612386421486, 0.74525474507611, 0.74525474507611, 0.7577422575040773, 0.7567432568623469, 0.7627372627968079, 0.7547452545666195, 0.7732267731076831, 0.7757242756051855, 0.7607392605606255, 0.7417582415796065, 0.776723276842367, 0.7882117879736078, 0.7762237762833213, 0.7922077922673373, 0.7872127869746068, 0.77522477504614, 0.7832167829786029, 0.7897102894721093, 0.7537462538057988, 0.7372627373818275, 0.7717282717282717, 0.7887112884731083, 0.7612387610601259, 0.7857142854761053, 0.7892107889726088, 0.7577422575040773, 0.7687312684930884, 0.7857142857738308, 0.7967032967628418, 0.7817182814801014, 0.7927072924691123, 0.7947052947052947, 0.7907092904711103, 0.7992007989626188, 0.7742257742257742, 0.7742257742853194, 0.7957042954661153, 0.7877122877122877, 0.8101898099516298, 0.7692307692307693, 0.7712287712883164, 0.7942057939676138, 0.7997002995216644, 0.7897102895316545, 0.7792207789825988, 0.7927072924691123, 0.7972027970241619, 0.7867132864751063, 0.8011988009606208, 0.7987012984631183, 0.7922077922673373, 0.7897102894721093, 0.7857142854761053, 0.7857142854761053, 0.7812187812783263, 0.7772227772823224, 0.8036963037558488, 0.7767232764850963, 0.7987012987608438, 0.7937062934681133, 0.7887112884731083, 0.8031968032563483, 0.7967032965246614, 0.7957042957638408, 0.8051948049566248, 0.7942057939676138, 0.8006993007588458, 0.7977022977618428, 0.7687312685526334, 0.7952047952643403, 0.7992007989626188, 0.7887112887708339, 0.7917082914701113, 0.7977022977618428, 0.8036963035176684, 0.8066933067528518, 0.7907092905306554, 0.8061938059556258], "loss": [0.9639556963066845, 0.8491954251605035, 0.8049331328361685, 0.7974113419555175, 0.7430616282590643, 0.7295706757958206, 0.705899502234957, 0.6973874130071093, 0.6679622180190222, 0.6454819875142385, 0.6434672431570082, 0.6123438883816701, 0.6050858690642167, 0.5879978986257477, 0.5790366875654694, 0.5546936322386495, 0.5473914114848666, 0.5099330756285182, 0.5010279726727931, 0.4869432535227906, 0.46339701934494654, 0.45365882907810556, 0.44546001635748766, 0.42066148289358457, 0.4060005506991784, 0.39800766258860915, 0.3968722265441478, 0.358200550689988, 0.3500449238579293, 0.3559336087295816, 0.3389773037152431, 0.33125064701124884, 0.32910967657571233, 0.30530821587986573, 0.27489875820742316, 0.2801161116259348, 0.2599298700841689, 0.2593187254090399, 0.24626069706955414, 0.22436087412097822, 0.24056199864210853, 0.22784052484634815, 0.21408135296353972, 0.1863842246240722, 0.2172632285471501, 0.19483075412674464, 0.170659554487722, 0.17182094889115676, 0.16745884895731802, 0.1606765809445188, 0.16076967519570365, 0.15549242256949905, 0.14866925942752335, 0.14966301801337534, 0.1426747399589409, 0.13236276217843818, 0.12561531747500043, 0.12477390869754405, 0.1138722159883171, 0.12621652354414456, 0.1174932372544222, 0.11336913086782986, 0.12030720003582221, 0.10485920696015877, 0.114982215954168, 0.09616689945290471, 0.10868527064437809, 0.10274589428494776, 0.11613554272793858, 0.0939243005754033, 0.09241512161621387, 0.09568062460156415, 0.1074392974771362, 0.10046622193710578, 0.0973497015494973, 0.07573434722665824, 0.08901384031496583, 0.0855667978883852, 0.07834130409293903, 0.09042056676483781, 0.08746174695728899, 0.06266827414418268, 0.08643125242369186, 0.06622588406508538, 0.07161894297485111, 0.08604607312218181, 0.06926426745041418, 0.07041476488450994, 0.07217334220057108, 0.05924408050763166, 0.06428092550601132, 0.05993316590186508, 0.05366729040895921, 0.05555017895912173, 0.067475906804554, 0.05604105754165119, 0.05448301173976197, 0.07187643522086708, 0.05484658499207523, 0.06385041404327471],